Store_ID,Product_ID,Best_Model_1,Best1_MAE_Sales,Best1_RMSE_Sales,Best1_MAPE_Sales,Best1_R2_Sales,Best1_MAE_Profit,Best1_RMSE_Profit,Best1_MAPE_Profit,Best1_R2_Profit,Best_Model_2,Best2_MAE_Sales,Best2_RMSE_Sales,Best2_MAPE_Sales,Best2_R2_Sales,Best2_MAE_Profit,Best2_RMSE_Profit,Best2_MAPE_Profit,Best2_R2_Profit
1,1,RF,83.28365517241379,102.45951576951815,185.18057460413138,0.06215294116149883,4261.594124137931,5647.241207251866,185.18057460413138,0.31438342437510647,GB,83.84135165777356,103.98404655108858,195.77421414686737,0.0340362011723907,4299.110720949724,5696.7115074056965,195.77421414686737,0.302318694968148
1,10,Prophet,82.79357331816995,102.1037881356837,175.22654206965612,0.19341542466831307,4662.590554834387,6440.376598256052,175.22654206965612,0.3610672013940164,RF,88.86089655172412,106.65843519352342,194.63472533989153,0.11985015272079558,5004.910928275862,6725.535434716566,194.63472533989153,0.30323490480443416
1,11,GB,92.2416767429991,117.87183113184521,425.33502819835763,0.05670154074662059,4631.763041850024,6857.170386381935,425.3350281983577,0.31936809865211724,Prophet,94.8301739655824,117.47420742141702,527.332253415719,0.06305497047085551,4809.270758743832,6930.311178112828,527.332253415719,0.3047709839459751
1,12,GB,77.38678216105008,98.61386353890231,269.02547989105597,-0.0032199486103334785,3882.1022224729863,5771.398600340393,269.02547989105597,0.28994158549551685,Prophet,77.42426531537402,98.02361344844716,239.80851699214423,0.008753591313972797,3898.042310388595,5772.622131318838,239.80851699214423,0.289640490174635
1,13,Prophet,75.06886290057056,96.15461163254896,445.4673401718954,0.07970834141487737,3882.869201204476,5212.816111419956,445.46734017189544,0.16346048392579737,RF,78.2743448275862,101.27725743957899,449.4567796446079,-0.02096090905601322,4105.357933793104,5507.227087863894,449.4567796446079,0.06629943737656774
1,14,Prophet,89.77042727141882,110.67621580526118,211.86524417346976,0.043780605642718795,5146.002860771366,6798.0359243535295,211.86524417346976,0.11778008068058898,RF,92.63710344827587,112.1215382427972,272.04625106502516,0.01864296587664671,5245.475276551723,6962.395977121449,272.0462510650251,0.0746044901636208
1,15,GB,78.72963319571765,96.07568959172819,379.1359450305996,0.23400655419162475,4279.996950080035,5756.751382246754,379.1359450305996,0.3201048682334313,RF,79.78386206896552,96.78111822828481,407.1028294172194,0.2227167582411228,4298.253373103448,5682.921214731441,407.1028294172194,0.33743230938872093
1,16,Prophet,83.77620411544463,104.55574268675218,261.99841680505773,0.17710585696832193,4761.382691766141,6608.2235353861115,261.99841680505773,0.4011622293963861,XGB,85.81449127197266,110.74822321514914,257.1272634973162,0.07674485445022583,4799.359059201273,6941.031431533656,257.1272634973162,0.33932517822417363
1,17,Prophet,86.37443591711003,104.85799088845526,236.47825981819796,0.11377123856348137,4679.374808134792,6077.798002314518,236.47825981819796,0.30977376383983946,RF,87.93151724137931,106.20351701105402,258.4314559902742,0.09088133588140435,4824.274266206896,6360.550022990536,258.4314559902742,0.2440583328402851
1,18,Prophet,75.79423919876123,94.14703112473103,276.5490826403375,0.22829865783873582,4152.000597553227,5730.059211467437,276.5490826403374,0.4678499360909254,RF,78.10365517241381,99.06608281762021,274.7520424010164,0.14555132898698675,4266.92849724138,6091.9983357657775,274.7520424010164,0.3985002500185
1,19,Prophet,83.60449809132064,102.63097324308912,338.68569281441995,0.08378613150857794,4549.623421015949,6045.928398940629,338.68569281441995,0.21461447892887442,GB,85.07628022806081,102.14450893835227,370.55230736115965,0.09245113820092132,4582.660120104907,6077.933213424149,370.55230736115965,0.20627741414856948
1,2,Prophet,74.42244075719445,95.14352042795387,261.7000301817002,0.030919679487738883,3802.6176737871438,5299.994020271636,261.7000301817002,0.32805633697407277,GB,75.75351791272202,94.11673909778037,301.3949203980493,0.05172329100700934,3970.4795441799847,5345.736505401877,301.39492039804924,0.3164076405411542
1,20,Prophet,73.20268768507407,95.86984850737196,230.35671249470576,0.1302297399522434,4218.1278350989105,6186.357643843024,230.35671249470576,0.2931755842001943,GB,76.81177851404738,98.00919483088931,249.18231802120064,0.09097858549161864,4323.600912636169,6266.487535584503,249.18231802120064,0.2747464624040563
1,3,Prophet,88.78556189892439,108.66972576147899,319.63755995499025,0.03884382309590595,4467.6115947309245,5935.958059575727,319.63755995499025,0.24449937076563089,RF,89.6115172413793,106.79566948794933,343.41572176981094,0.07170907588678355,4512.762164827585,5830.354750149262,343.41572176981094,0.27114163316133943
1,4,RF,84.5128275862069,105.37735871455108,260.9618908041481,0.13158052736562764,4668.4035262068965,6236.539014141645,260.96189080414814,0.34524089900237076,GB,86.63216229080997,106.65209565011048,271.40991287689513,0.11044312079472673,4731.099310425152,6236.907630857075,271.40991287689513,0.34516349636561117
1,5,Prophet,75.62673099702091,97.1889524123805,164.82162632554275,0.1731601270034051,4393.743547912231,6288.840374285892,164.82162632554275,0.37028401296090685,GB,76.61382041033377,96.6179070278808,203.16008180767673,0.18284797641376027,4463.48903770772,6190.3773145498735,203.16008180767673,0.3898483107351792
1,6,GB,84.26213641516156,107.26179375688587,213.21759515311834,0.044437257930008855,4044.4958459790732,5630.270673235177,213.21759515311834,0.27137783182108854,Prophet,84.4064541763336,104.84419672987445,217.49920366970912,0.08702709164450961,4044.5290787430627,5530.654099078545,217.49920366970917,0.29693281595395005
1,7,Prophet,69.33687000784013,86.38289417924447,213.34584005723886,0.17734849058683755,3745.6691193498077,5234.191725077544,213.34584005723892,0.4395212072043946,RF,71.96572413793103,87.72720005594144,262.9455224048874,0.15154476317142584,3807.9910262068965,5166.751336153579,262.9455224048874,0.45387123415015895
1,8,Prophet,76.35941794667646,99.19649211309415,320.58710791176793,0.19480990332551906,4034.9817220047066,5587.634378598112,320.58710791176793,0.43734182421705936,RF,83.68496551724137,103.5446232640621,390.2873241760628,0.12267420137283436,4475.682921379311,6045.299673870196,390.28732417606267,0.3413960349960449
1,9,Prophet,80.84072450648017,100.97105614443967,187.01831963930488,0.08108915312800757,4664.621549530289,6519.556664936948,187.01831963930488,0.3560261309106494,GB,81.84584049230925,101.682257398154,206.870163381665,0.06809865505468504,4721.670264685173,6525.398875130715,206.870163381665,0.35487147682183506
2,1,Prophet,78.351177639507,99.85501579683834,248.79259997508072,0.1412744578980687,4339.616032995232,6505.253129888874,248.79259997508072,0.4048100993495123,RF,79.68255172413794,101.0509677306969,307.5809809638208,0.12058156508174811,4377.938887586207,6424.286941346703,307.5809809638208,0.41953369644479066
2,10,Prophet,83.56621888734857,108.56245893125445,433.08540244305897,0.11455551667442188,4329.175027331534,6127.230779221821,433.08540244305897,0.22034264435790563,GB,84.43415732093104,110.04936649040006,432.9910598576164,0.0901347320506074,4334.910832775868,6078.998281170785,432.9910598576164,0.23256898735626386
2,11,Prophet,80.01846737030836,102.11141696608678,208.2754633821581,0.14744370124045447,4718.912419377836,6465.099642361542,208.2754633821581,0.37108675232888055,RF,81.33110344827585,101.1849260989757,221.355158496304,0.1628445682599372,4775.430011724138,6316.381172244535,221.355158496304,0.39968809222025514
2,12,Prophet,88.21589261816162,108.93973763598929,225.19980070587317,0.13604439491456577,4563.485529505327,6041.775061563446,225.19980070587317,0.27734086593759133,GB,90.68718164279665,111.9941589179283,263.82950213066147,0.08691854628199835,4790.708011849332,6441.5798728704,263.82950213066147,0.17853477290675257
2,13,RF,77.93241379310345,98.12720553550324,482.4726151169849,0.1445661420277512,4592.778519310345,6474.897528458303,482.4726151169848,0.34795634278751675,Prophet,77.94779523690538,97.49060897985743,459.8844384090312,0.15562932920565875,4674.91136104168,6528.35119695753,459.8844384090312,0.33714598019217135
2,14,Prophet,77.766634895575,96.23098269079482,381.9818677830763,0.10183095023809197,4270.513529041572,5805.589172154536,381.9818677830763,0.28180941337339227,RF,80.1716551724138,98.04073843965632,399.1308324933224,0.06773068188521858,4509.493137931035,6182.096964453918,399.1308324933224,0.18563568761459892
2,15,RF,76.25489655172414,98.05923428003202,413.81884661785415,0.13982757569403337,4428.804426206896,6390.630077106256,413.81884661785415,0.24917100834647254,GB,81.44010912877997,104.19642217475324,411.13187450632074,0.02878778960212014,4672.369447890791,6626.920545827313,411.13187450632074,0.19262145818605425
2,16,Prophet,81.27969147660521,104.15176098053496,277.58626286570546,0.11994144854523425,4754.946986940124,6690.241449742438,277.58626286570546,0.34601888707640205,RF,83.02868965517241,107.11425204763434,265.5285714500908,0.06916468469344073,4895.5575841379305,6956.493725460851,265.52857145009085,0.29292998852939844
2,17,RF,77.89089655172414,99.76959626023869,308.0741579818462,0.10974823620781093,3978.1823427586205,5353.164375007857,308.0741579818462,0.4073539172457845,Prophet,78.47094822031566,103.22206745546785,256.920560898267,0.04706885790644855,4116.095453015327,5899.290524989142,256.920560898267,0.2802630002841404
2,18,RF,85.27551724137932,106.35441915497965,204.3753120371052,0.12858545896589746,4581.988332413794,6365.017764822888,204.3753120371052,0.29272984134940017,XGB,86.25543212890625,110.51903028296756,171.26556616158098,0.05900382995605469,4748.2163470173045,6774.083717824279,171.26556616158095,0.19889911125178117
2,19,RF,81.18937931034482,103.30565348885133,255.3037552351395,0.08820309753203448,4520.814595862069,6693.778750177743,255.3037552351395,0.3191298594216957,GB,83.0804469475607,105.93179129308056,269.0842295279711,0.04125620477191183,4627.954074354029,6851.796121179531,269.0842295279711,0.2866043689094907
2,2,Prophet,71.18567122953729,92.25508484362948,354.08041909608323,0.06179003018924012,3723.452231054196,5570.049354920276,354.08041909608323,0.2774651364349795,RF,71.72889655172415,90.19631288817016,381.0827949939536,0.10319713416479204,3755.7456896551726,5403.503791477685,381.0827949939536,0.32002704164123164
2,20,GB,85.28070011202406,111.9791238440801,253.28158690042807,-0.0006158214830784825,5340.026321959236,7904.409399434593,253.28158690042807,0.12569183795245487,Prophet,85.58526124817584,107.56716546145792,292.2027666024924,0.07667906143136782,5325.183960071515,7504.0594618224495,292.2027666024924,0.21201452112688057
2,3,Prophet,80.6591403019119,100.6365115389421,425.59638581388873,0.16357298834136325,4513.523233187095,6299.121812188659,425.59638581388873,0.4024546832530008,GB,81.73768555649836,103.24107883893755,428.5903243554797,0.11971769933835097,4677.751305942854,6747.757125180314,428.5903243554797,0.3143069962846283
2,4,Prophet,66.84068954579188,87.33972854814182,188.19431113028472,0.17322705535150085,3832.4779791416418,5582.699049089069,188.19431113028472,0.37362885214156527,RF,69.87068965517241,88.62988986364239,211.5155794254987,0.1486208701328966,3898.2838820689662,5349.34747043116,211.5155794254987,0.4248979323434584
2,5,Prophet,79.48548922882253,100.4381826999761,184.9223488645814,0.026215868942000564,4464.590656957345,6105.675286792978,184.9223488645814,0.2705464632497786,GB,83.46877392955986,105.20079689346836,178.37808425980649,-0.06832418435574916,4747.663619859167,6525.685938621369,178.37808425980649,0.16673610583891296
2,6,RF,73.37889655172414,92.55062113094725,230.18217840392566,0.09494146726941277,3947.296613103448,5454.206606597009,230.18217840392566,0.3205023087051805,GB,74.85951244852843,94.01500990241279,219.67893908573498,0.06607417673157467,3992.8169483072124,5530.7812978678585,219.67893908573498,0.30128866854254466
2,7,Prophet,88.21577371671728,107.2167505521055,515.4600506229017,0.14233564096864837,5094.033090873907,7066.496819373186,515.4600506229017,0.3975029637821377,RF,95.91324137931034,115.17271120754496,548.1741966934384,0.010328048102897003,5508.8703448275855,7645.0644813773515,548.1741966934383,0.2948055514338539
2,8,Prophet,76.85549132541777,95.60379941792498,238.35022747754556,0.20509939625718365,4232.582239465107,5956.332094933241,238.35022747754556,0.42757486915658716,RF,79.65172413793104,96.59262876138366,261.36892145923025,0.1885710584370479,4338.83230275862,5915.119521196901,261.36892145923025,0.43546882055944724
2,9,Prophet,83.11299394389549,106.69449614477699,323.31454899424534,0.16922090015248226,4402.703416115262,6108.207364639689,323.31454899424534,0.4618605611741027,GB,86.53294618161586,108.22996942261071,328.22549283984273,0.14513684312604436,4546.104656047058,6153.3509344922,328.22549283984273,0.4538767759832206
3,1,RF,72.31020689655172,89.02261302806625,316.3265223518494,0.1573076250108063,4017.752455172413,5790.712257123549,316.3265223518494,0.38589571516688914,GB,72.74646747852947,90.27863360668647,313.93728614917194,0.1333607717561074,3998.855161945536,5743.964296290896,313.93728614917194,0.39577092311526396
3,10,Prophet,87.56027726892336,114.42252589732264,221.95267253900158,0.10928456133967024,4765.884225974023,7120.849562225416,221.95267253900158,0.24111644900984475,RF,93.60606896551725,118.390357365967,276.52491279415716,0.046438777766141914,5111.27317724138,7205.710524696121,276.52491279415716,0.22292105784089034
3,11,Prophet,85.42433082244584,102.19493512738904,332.2394860599647,0.1524882120102743,4845.418792937744,6259.172409698656,332.2394860599647,0.316963309905684,GB,90.3159243318451,107.22853720385778,395.66928725993625,0.06694388005922514,5087.691842032135,6503.219320974479,395.66928725993625,0.2626613392939119
3,12,Prophet,78.11638994272292,97.76617464659513,324.3614261766515,0.12913958744344423,4402.270700027915,6218.369421794915,324.3614261766515,0.3666894826079802,GB,79.32503260775597,97.42266266184225,308.8590986531463,0.13524856000434493,4487.724227382285,6227.131268471447,308.8590986531463,0.364903522785482
3,13,Prophet,74.18438187645809,96.3706212040437,280.5235611661788,0.10323054345689664,4264.899342355386,6322.675422643904,280.5235611661788,0.3689700437727007,GB,76.36419100342037,95.73859849158868,235.56754614619044,0.11495445099163304,4415.044743537165,6156.703701906377,235.56754614619044,0.40166458717849474
3,14,GB,89.48847126574022,109.71854105371526,189.23175273688219,0.05080272180397272,5183.853439646829,7049.090128913289,189.23175273688219,0.2408172384942454,Prophet,90.20495173810029,109.35589471152649,200.00374833226732,0.05706700580932078,5106.538161449127,6836.96153620347,200.00374833226732,0.28582197246321095
3,15,Prophet,91.30856445913915,109.17097633348645,476.7485280896507,0.06467268358179412,5052.446436292779,6735.26398133604,476.7485280896507,0.26256069082993294,GB,92.1562654492933,111.52827262818313,462.59654022709447,0.023844105197434518,5104.557896713996,6949.801652112378,462.59654022709435,0.21483332278655698
3,16,Prophet,76.41449674968965,92.9719610032533,285.6524479905482,0.1618494941674523,4144.274784261783,5503.817725137815,285.6524479905482,0.4009813427069586,RF,83.83662068965516,100.11600272029268,339.50696024616485,0.028092280531878733,4630.064404137931,6032.549474277647,339.50696024616485,0.280362064614724
3,17,RF,81.67075862068964,100.76757675719527,269.803540741582,0.1022095352693766,4458.043740689655,5951.790666616712,269.803540741582,0.24424238451983327,GB,82.76838840827229,103.00385926776742,248.70875717477938,0.061918972627779345,4382.791095927847,6046.979597393634,248.70875717477938,0.2198749154900984
3,18,RF,85.76599999999999,108.01114742916825,271.81458231612703,0.07678684803829117,4697.041491034483,6465.702702896696,271.81458231612703,0.28042605107390484,GB,88.52043439640241,112.10015201770564,273.53282012574755,0.005563110674838834,4958.439590663548,6935.556118552646,273.53282012574755,0.1720453509794757
3,19,GB,88.95778191040357,110.32356118072022,395.6376567288834,0.1339527568738973,4835.510218351899,6596.056543901493,395.6376567288834,0.3622802021825948,RF,89.53696551724138,110.41443588776693,370.8040155878845,0.13252542435450776,4836.268544137931,6640.242030318514,370.8040155878844,0.35370770491694037
3,2,Prophet,80.54979314095254,96.41486477727463,268.63878317284133,0.24436186855767372,4368.017030796419,5992.0133653006515,268.63878317284133,0.5308205224727549,RF,86.62806896551726,105.60996648697181,256.91021336163897,0.09335831674905659,4801.547943448276,6867.958326256084,256.91021336163897,0.38361968132266155
3,20,RF,80.41951724137931,99.82214333503363,411.64788353820126,0.07311231270170937,4377.6851351724135,5916.188360011329,411.6478835382013,0.11973826321590675,Prophet,81.76554646605005,98.78433434747306,405.32328386424206,0.09228505206609894,4413.760341412201,5733.566357111481,405.32328386424206,0.17324367639808158
3,3,RF,78.91358620689655,98.03471872338092,397.58132325984303,0.10485730234111734,4523.984347586207,6111.7219992108185,397.58132325984315,0.24462406675782544,Prophet,80.53554756249292,97.99062675173023,367.34075226394054,0.10566231777415935,4607.896258809461,6140.999041627479,367.34075226394054,0.23736976346732863
3,4,GB,81.6185945329597,104.8661091944446,263.63839148903486,0.06230006070519589,4238.249764183724,6070.84003285514,263.63839148903486,0.33067867433806786,Prophet,82.62324896370531,103.15988762034635,249.2338366937536,0.09256547470296916,4460.340572522288,6255.4945254144395,249.2338366937536,0.2893424397457588
3,5,RF,80.46820689655172,99.49481612904124,202.50575200669783,0.07226667384271146,4249.6703420689655,5739.540545155134,202.50575200669783,0.24053786601774985,Prophet,81.0589095374861,100.32291880294467,196.2079849207967,0.056759221015231565,4284.195750139733,5703.67728758261,196.2079849207967,0.2499991432769445
3,6,Prophet,78.34527208588801,99.67558003124834,187.23250510250256,0.1867299182403528,4160.088369056223,5950.094208605412,187.23250510250256,0.3771678359518007,GB,79.58827469619699,102.19518317883522,218.62253141352593,0.14509451070683255,4201.984288215608,6055.508672826679,218.62253141352593,0.3549036137545769
3,7,Prophet,73.24037416372474,93.08156944215423,149.48938274206708,0.18541244489412267,4298.1264870639625,6173.4913358468175,149.48938274206708,0.4078924859029076,GB,77.75441793365714,98.02752382828017,175.06672261379623,0.09654517568080723,4583.412274170455,6474.6260536104655,175.0667226137962,0.3487192114461386
3,8,RF,81.1491724137931,100.59217667187745,360.8472349085888,0.048447246025163704,4390.422119310345,5870.919372111631,360.8472349085888,0.22680255048580988,Prophet,81.37137614889768,101.51034910158691,321.345401838851,0.030997044450509992,4342.916326630913,5865.7546023605755,321.345401838851,0.22816234782356148
3,9,Prophet,86.67971784206452,105.98374259382265,280.38329882853986,0.10929399306274024,4479.321898407176,6144.842192184539,280.38329882853986,0.4164750006876121,RF,92.55144827586206,113.9193256167079,391.28461126822395,-0.029083674639753587,4918.053866206897,6826.600483174521,391.28461126822395,0.2798101889357848
4,1,RF,83.67937931034483,105.51021030834099,332.31126021962035,0.17929164401052156,4544.690622758621,6492.2129875971395,332.31126021962035,0.33919964376311074,Prophet,83.89373977151492,105.38402027517714,359.43343436787234,0.18125360167218962,4687.252832629183,6656.905217073507,359.43343436787234,0.30524849383707675
4,10,RF,73.20227586206897,88.10017121984224,223.04233061332735,0.1593932072401132,3914.2074855172414,5586.067445998975,223.04233061332735,0.25908144804419153,GB,73.2937102745213,88.3517303185178,222.00360929315056,0.15458585700807792,3868.351342928793,5343.066460866765,222.00360929315056,0.3221411480728038
4,11,Prophet,87.04381857684955,105.39273734607984,302.78078729336164,0.12588029212513785,4887.669726221114,6524.581175615809,302.78078729336164,0.2925907771489735,RF,89.97420689655172,110.34263104624112,320.02623577066254,0.0418440224504284,5030.94365724138,6767.84325117161,320.02623577066254,0.23885741101940006
4,12,Prophet,68.43389059703954,87.98489149616063,175.1722371410026,0.12925651398140137,4120.8823874126765,5804.1339851245375,175.1722371410026,0.14047172317399004,GB,72.00481665269,93.28844716452595,185.256754401904,0.021119320513136475,4294.782770600982,5930.008134418047,185.256754401904,0.10278631682949402
4,13,GB,70.32773708774064,89.05210904117887,305.71373312293184,0.17316420298777058,3744.0040178862464,5712.7052822708165,305.71373312293184,0.3924904329280867,RF,71.81406896551725,90.43051490623559,326.1212046425305,0.1473695093412245,3939.029170344828,6046.015185306226,326.1212046425305,0.31953161881551695
4,14,Prophet,78.11755771036965,97.8142709093912,348.85568150359035,0.12055972278647997,4138.098313339507,5802.735474057795,348.85568150359035,0.33546724962411345,GB,83.63181847186918,99.35679972195997,302.01506241333595,0.09260350679878904,4291.707650612564,5778.449031920164,302.01506241333595,0.34101820480615996
4,15,RF,80.70737931034482,97.44728641504172,147.4771791334703,0.07563751738184132,4449.64379862069,6074.8981392397445,147.4771791334703,0.406459179432602,Prophet,81.32509390534543,97.53522927102063,143.83259641929388,0.07396835324425044,4386.632793106903,6003.456193366091,143.83259641929388,0.4203373951317182
4,16,Prophet,81.45463011718793,100.0558664145835,385.9774776418942,0.07365380790200216,4630.98236823401,6377.464144972476,385.9774776418942,0.3542428877477106,GB,83.43500458218944,104.48113509631203,401.9988346547211,-0.010099069345437028,4710.115787449292,6627.575120277742,401.9988346547211,0.3025991622101022
4,17,RF,89.78606896551725,109.6179650265034,333.9672401600894,0.06920919710015061,4627.596920689655,6224.409131848282,333.9672401600894,0.24463825020518326,Prophet,90.33850036607132,109.07969328166652,372.5187790675552,0.07832792651011278,4609.213628531699,6137.483686543403,372.5187790675552,0.2655885684613648
4,18,RF,83.13655172413793,104.26880973780189,285.63788554173766,0.07038420843573867,4183.404151034483,5609.193153472824,285.63788554173766,0.3650501479380033,Prophet,84.70975020530459,105.1957557697747,251.70083270239553,0.05378223649412739,4275.445015346338,5697.24246347807,251.70083270239553,0.3449596682229994
4,19,Prophet,88.89166179427684,108.49549705129685,204.2727528456565,0.028093598485766536,5154.522225451656,7156.934330075313,204.27275284565644,0.0907419465282866,RF,89.16013793103448,108.70405606111454,210.99334698166965,0.024353449531430482,5101.135326206896,6978.797966137823,210.99334698166962,0.13544158258000327
4,2,Prophet,67.4014810565421,86.45372554341304,496.5007973520984,0.12629718099743914,3663.0189292253044,5121.794647055104,496.5007973520984,0.2642791062816523,GB,69.51510064780749,88.35545376458472,511.31874053053207,0.08743662623631954,3730.8284704966622,5189.469514748433,511.31874053053207,0.24470832810931686
4,20,Prophet,83.35234715227729,102.83994046428136,186.34450914542754,0.126944907599031,4333.8929132314215,5778.587022811823,186.34450914542754,0.2946182495473021,RF,83.44841379310346,104.15762344341057,185.49996068036708,0.10442875479850156,4416.106363448276,6007.952800996322,185.49996068036708,0.2375103939968246
4,3,GB,81.8443703658418,104.6901447395385,264.6275087662024,0.08104832014488927,4343.893491180479,6314.499729966215,264.6275087662024,0.2383259712459208,RF,83.74682758620689,105.45146918091655,305.1547496932177,0.06763417777419856,4405.555855862069,6304.148313747104,305.1547496932177,0.24082116254970531
4,4,Prophet,80.08237414869772,101.18249059490876,474.5155096483817,0.09682619881482646,4277.501783731364,5817.601768007419,474.5155096483817,0.2321972320249095,SARIMAX,84.94445493227894,106.42850954971274,554.0141697559983,0.000744468243153773,4550.828345796353,6053.941108354001,554.0141697559983,0.16854628356072077
4,5,RF,70.74075862068966,89.09501752778245,274.8000780127694,0.09930701276151654,4112.461288275862,5604.447844287752,274.8000780127694,0.2737963753261796,Prophet,72.92477251503261,87.3184833559951,313.973655639997,0.13486812454120112,4236.406824450656,5407.838415504939,313.973655639997,0.32385450073785804
4,6,RF,90.8283448275862,112.06970882692488,323.58796883155236,0.0724124867509327,4549.514740689654,6459.241227403868,323.5879688315524,0.32392852665060046,XGB,91.26569366455078,115.16539990786077,339.72934166039244,0.020459413528442383,4427.3679804971625,6257.087467132127,339.72934166039244,0.3655841053713842
4,7,Prophet,74.98970273708389,92.1943189512511,360.7215272249398,0.15696841815483042,4240.061332476959,5708.049645683256,360.7215272249398,0.292571735297091,GB,75.68767064340153,94.10589126696436,421.35254071830036,0.1216468805575679,4256.485411703569,5820.015295358281,421.35254071830036,0.2645465725708942
4,8,Prophet,75.88965490901556,93.38374066683711,246.42190647917968,0.14736831586079313,4190.510786382447,5644.012779468592,246.42190647917968,0.37184663955691755,SARIMAX,82.03368599071732,103.55064062185627,261.4304262050343,-0.04839396987514344,4313.120299545469,6291.977474181184,261.4304262050342,0.21933622223539329
4,9,GB,78.25493924045165,97.52260464385847,337.63534397551405,0.2214830727124425,4175.684125837692,5548.50593135992,337.6353439755141,0.3466393886540774,RF,79.63682758620689,96.8887106551315,359.4805574609761,0.23157085376930464,4292.1197,5593.547050264195,359.4805574609761,0.33598876032408476
5,1,RF,81.13310344827586,99.87093092656106,220.57909039813458,0.20836282028318698,4462.526351724138,5997.875498748897,220.57909039813458,0.43510976658626543,Prophet,82.31125610536984,101.7494909336383,210.63632380442053,0.17830153270878957,4639.899487172597,6291.631687375204,210.63632380442053,0.3784218278681999
5,10,XGB,72.85454559326172,94.37105745076188,225.4137820586039,0.2008596658706665,4096.102555707479,5783.378211965135,225.4137820586039,0.29760878336462804,RF,79.17386206896552,99.01247487755928,236.23210872511407,0.12031897551475912,4495.932922068966,5972.873998771529,236.23210872511407,0.2508261853597731
5,11,RF,79.8531724137931,99.14556283392199,275.74829103963197,0.04835911694580208,4526.886744137932,6306.244865183048,275.74829103963197,0.2314217651978422,Prophet,80.46917815504125,100.81125376872244,284.2965694120896,0.0161145044279285,4640.08241384838,6506.635346187731,284.2965694120896,0.1818002209820333
5,12,RF,83.73724137931036,105.87211668996608,450.35062157615175,0.09870566168115935,5109.508710344828,6959.49108550268,450.35062157615175,0.3115935297982064,Prophet,84.30161079314517,104.30086749520444,479.7623601197658,0.1252593840280749,5184.080774899331,6879.488089566806,479.7623601197658,0.3273297449295015
5,13,Prophet,76.80884107363435,96.92121023843325,247.06460176942159,0.12460076901802375,4364.89584636391,6092.848297931057,247.06460176942159,0.3539260851706436,RF,81.70193103448275,99.21812705625784,297.21858643627456,0.08261728507686794,4583.550960689657,6311.996505357039,297.21858643627456,0.30661414755577876
5,14,Prophet,85.54205131234377,105.6656689319836,242.80234122481357,0.16804385213500295,4640.199964671283,6429.182610419314,242.80234122481357,0.3215270972725057,RF,92.75331034482758,113.55725046470371,253.90998100813485,0.03913503401001073,5085.672278620689,6929.819523352651,253.90998100813485,0.2117484508641233
5,15,Prophet,85.71399863323526,106.9191010463119,194.4856362865647,0.07899801543004903,5144.716866727035,7180.262120957086,194.4856362865647,0.2837189788180755,RF,86.91737931034483,109.53852119782746,207.87709316988222,0.03331781334981676,5187.42238,7288.221810363425,207.87709316988222,0.2620175914435585
5,16,Prophet,81.91783939278845,101.03345875201819,211.83152603289238,0.12776908968099399,4482.79968342176,6309.1344140159445,211.83152603289238,0.3754973986859791,RF,83.74041379310346,102.85126835755901,209.44391480836697,0.09610010646169542,4548.959566896552,6363.01078830032,209.44391480836697,0.364786073762447
5,17,Prophet,73.31752630303022,94.05066995224863,308.7015747960267,0.14207364838926462,3829.6868027544806,5423.617424816374,308.7015747960267,0.301883744673081,RF,75.69979310344829,98.68632317985416,325.59594398036705,0.055416929581006524,3953.312009655173,5649.531850034742,325.595943980367,0.24251405580224283
5,18,Prophet,77.80319792850158,97.22257338774678,299.90661599648104,0.14965190521650917,4391.357465809918,6082.963790484511,299.90661599648104,0.3875625688350879,GB,80.19654006085959,100.19778356812782,294.30660580995755,0.09681077444275121,4535.331528003605,6237.651168489949,294.30660580995755,0.35601844078435874
5,19,GB,86.06592569870033,106.59793033555798,234.760820617502,0.11515371276401187,4648.898889413859,6450.94993325015,234.760820617502,0.34155001331830603,RF,86.89944827586208,106.86514318974882,255.3771042375174,0.11071200080233723,4660.491342068965,6430.578181999456,255.3771042375174,0.34570214578970104
5,2,Prophet,73.04922711361257,92.63847584131912,161.23615870585718,0.1994224966927144,3898.5755666184577,5538.518535328892,161.23615870585718,0.4198632726955034,GB,76.17949514345287,96.39920824279932,170.07602969473658,0.13310297279690475,4008.5261447179187,5584.429926681274,170.07602969473658,0.41020535471207586
5,20,Prophet,91.74983304343726,113.72692556461969,424.32596027697434,0.08560571192355104,5364.748218535062,7377.571504780481,424.32596027697434,0.28519112351965237,RF,92.71172413793103,116.27427433325111,409.45783299273205,0.04418425038069462,5348.967077241378,7479.785829783518,409.45783299273205,0.265246932928215
5,3,RF,87.75075862068967,107.56257479510113,265.91522192737,0.1693679474475206,4822.87512,6571.930588870355,265.91522192737,0.3907584309327463,Prophet,89.94057641497358,113.98787348506335,245.54623029659325,0.06716762622383621,4760.95270530076,6558.835860173358,245.54623029659325,0.3931838689128624
5,4,GB,85.74561705959383,106.45242503214298,445.0208986177938,0.17431598391960124,4742.285462327045,6411.138479219912,445.0208986177938,0.3364881121802169,RF,86.86344827586207,106.97163932879431,459.03942611919905,0.16624190876939704,4823.8543013793105,6367.858408927119,459.03942611919905,0.3454162958271998
5,5,Prophet,73.53879780198221,90.98179855602744,152.31718238840412,0.2086457751363774,4149.980102875565,5857.539980599934,152.31718238840412,0.33821315953766784,GB,74.52625109421454,94.22299968547655,157.05839831057307,0.15125790521034843,4080.3519440886357,5800.145111157946,157.05839831057307,0.3511186048799365
5,6,Prophet,88.57954269600748,110.36246296107997,315.5628322829559,0.010940138467845806,4822.46246613224,6635.185999753847,315.56283228295587,0.14622373338101136,SARIMAX,88.61748592972997,109.13047183245254,328.396925580182,0.032898904697792,4695.46160944181,6189.667411827428,328.396925580182,0.25702790542758114
5,7,Prophet,77.61230741269708,98.78008623232198,513.3043301491508,0.15732506663523993,4056.4129343807986,5825.242102908448,513.3043301491508,0.38271469269178937,GB,81.59986356345664,103.75922758955029,634.0546746005823,0.07023170299634829,4250.121354940307,6195.668585430432,634.0546746005823,0.30171238746008644
5,8,RF,93.35806896551725,115.15340474700514,328.89396894448146,-0.024444125237438108,5037.148853793103,6756.132631504097,328.8939689444815,-0.0004975122324635262,Prophet,96.14637035198368,114.57423631023761,375.9305343545891,-0.014165078312934565,5359.48936769488,6971.553548469278,375.9305343545891,-0.06531689515930461
5,9,Prophet,84.0004610124833,100.41764171184708,383.4713159213963,0.0322567848130636,4840.2368104923435,6452.5867693185855,383.4713159213962,0.175721227988472,GB,86.59736503396358,106.40760866368068,417.7679301881776,-0.08663944530660461,4964.961091901607,6831.462892733562,417.7679301881776,0.07608113218104717
